aqua	5.805
test_agent.jl	7.329
test_appearance.jl	6.097
test_assets.jl	4.273
test_backends_ext.jl	2.413
test_benchmark.jl	2.111
test_cache.jl	5.259
test_cite.jl	2.345
test_comments.jl	5.57
test_contents.jl	1.496
test_datavault.jl	14.678
test_dispatch.jl	3.694
test_document.jl	1.688
test_documenter.jl	4.017
test_equations.jl	0.301
test_facet.jl	1.764
test_hierarchy.jl	5.496
test_imgformats.jl	0.061
test_index.jl	0.347
test_interactive.jl	0.648
test_katex.jl	0.143
test_latex.jl	2.159
test_layout.jl	0.092
test_lightpath.jl	5.981
test_markdown.jl	0.419
test_preamble.jl	0.289
test_readme.jl	4.28
test_refs.jl	1.525
test_render.jl	0.652
test_report_demo.jl	0.914
test_report_reads.jl	13.342
test_serve.jl	0.929
test_stack.jl	0.421
test_table.jl	2.249
test_testset.jl	44.874
test_testshards.jl	43.071
test_theme.jl	0.341
